10211000,BOSS
10701000,BOSS
10703000,BOSS
10704000,BOSS
10801000,BOSS
10802000,BOSS苇名玄一郎（初见）
11911000,BOSS
12503300,BOSS
13100010,BOSS
13100110,BOSS
13100310,BOSS
13100320,BOSS
13400000,BOSS苇名玄一郎（魔化）
13401000,BOSS
13501000,BOSS
13502000,BOSS
13800000,BOSS
14004200,BOSS
14501020,BOSS
14501110,BOSS
14701005,BOSS
14701006,BOSS
14702000,BOSS
14702001,BOSS
14702003,BOSS
14702004,BOSS
14703000,BOSS
14703001,BOSS
14703002,BOSS苇名玄一郎（巴之雷）
17000000,BOSS
17000010,BOSS
17000100,BOSS
17000110,BOSS
17000200,BOSS
17000210,BOSS
17001000,BOSS
17001100,BOSS
17001110,BOSS
17001200,BOSS
50200000,BOSS
50200010,BOSS
50200100,BOSS
50205000,BOSS
50209080,BOSS
50210000,BOSS
50210080,BOSS
