1000003,噬神草药
1000006,源之琉璃
1100004,小钱袋
1100054,小钱袋
1100101,葫芦种子
1100105,小钱袋
1100106,中钱袋
1100151,葫芦种子
1100155,小钱袋
1100156,中钱袋
1100204,小钱袋
1100209,中钱袋
1100213,大钱袋
1100215,噬神草药
1100254,小钱袋
1100259,中钱袋
1100263,大钱袋
1100265,噬神草药
1100400,葫芦种子
1100409,小钱袋
1100410,中钱袋
1100450,葫芦种子
1100459,小钱袋
1100460,中钱袋
1100505,葫芦种子
1100511,葫芦种子
1110004,小钱袋
1110005,中钱袋
1110054,小钱袋
1110055,中钱袋
1500004,中钱袋
1500005,大钱袋
1500006,宝鲤之鳞
1500054,中钱袋
1500055,大钱袋
1500056,宝鲤之鳞
1700004,中钱袋
1700054,中钱袋
2000005,小钱袋
2000006,中钱袋
2000007,大钱袋
2000055,小钱袋
2000056,中钱袋
2000057,大钱袋
2500001,源之琉璃
2500007,噬神草药
